ano,orgao_cod,orgao_nome_sigla,uo_cod,uo_nome_sigla,funcao_cod,subfuncao_cod,programa_cod,ident_projativ,proj_ativ,acao_cod,subprojeto,categoria,fonte_invest_cod,iag_cod,programa_desc,acao_desc,vlr_loa_desp_invest_ano0,vlr_loa_desp_invest_ano1,vlr_loa_desp_invest_ano2,vlr_loa_desp_invest_ano3
2025,1220,SECRETARIA DE ESTADO DE DESENVOLVIMENTO ECONÔMICO - SEDE,5011,COMPANHIA DE DESENVOLVIMENTO ECONÔMICO DE MINAS GERAIS - CODEMIG,4,122,133,3,17,3017,0,4610,51000,0,MINAS GERAÇÃO DE VALOR,MANUTENÇÃO E AQUISIÇÕES DA CODEMIG,1000,1000,1000,1000
2025,1220,SECRETARIA DE ESTADO DE DESENVOLVIMENTO ECONÔMICO - SEDE,5031,COMPANHIA DE DESENVOLVIMENTO DE MINAS GERAIS - CODEMGE,19,572,133,3,15,3015,0,4610,51000,0,MINAS GERAÇÃO DE VALOR,"GESTÃO DE INFRAESTRUTURA, CONSÓRCIOS E EQUIPAMENTOS CULTURAIS E TURÍSTICOS",6380000,0,0,0
2025,1220,SECRETARIA DE ESTADO DE DESENVOLVIMENTO ECONÔMICO - SEDE,5031,COMPANHIA DE DESENVOLVIMENTO DE MINAS GERAIS - CODEMGE,19,572,133,3,15,3015,0,4610,51000,0,MINAS GERAÇÃO DE VALOR,"GESTÃO DE INFRAESTRUTURA, CONSÓRCIOS E EQUIPAMENTOS CULTURAIS E TURÍSTICOS",6240000,1000000,1000000,1000000
2025,1220,SECRETARIA DE ESTADO DE DESENVOLVIMENTO ECONÔMICO - SEDE,5071,COMPANHIA DE HABITAÇÃO DO ESTADO DE MINAS GERAIS - COHAB,16,122,705,6,10,6010,0,4610,51000,0,APOIO ÀS POLÍTICAS PÚBLICAS,MANUTENÇÃO E ADEQUAÇÃO DA INFRAESTRUTURA ADMINISTRATIVA - COHAB,120000,120000,120000,120000
2025,1220,SECRETARIA DE ESTADO DE DESENVOLVIMENTO ECONÔMICO - SEDE,5081,COMPANHIA DE SANEAMENTO DE MINAS GERAIS - COPASA,17,512,21,6,9,6009,0,4610,22199,0,SANEAMENTO E RESÍDUOS ESPECIAIS,ADEQUAÇÃO DA INFRA-ESTRUTURA ADMINISTRATIVA E OPERACIONAL - COPASA,50000000,50000000,50000000,50000000
2025,1220,SECRETARIA DE ESTADO DE DESENVOLVIMENTO ECONÔMICO - SEDE,5081,COMPANHIA DE SANEAMENTO DE MINAS GERAIS - COPASA,17,512,21,6,9,6009,0,4610,51000,0,SANEAMENTO E RESÍDUOS ESPECIAIS,ADEQUAÇÃO DA INFRA-ESTRUTURA ADMINISTRATIVA E OPERACIONAL - COPASA,50000000,50000000,50000000,50000000
2025,1220,SECRETARIA DE ESTADO DE DESENVOLVIMENTO ECONÔMICO - SEDE,5081,COMPANHIA DE SANEAMENTO DE MINAS GERAIS - COPASA,17,512,21,8,8,8008,0,4610,21204,0,SANEAMENTO E RESÍDUOS ESPECIAIS,UNIVERSALIZAÇÃO DOS SERVIÇOS DE SANEAMENTO NA ÁREA DA COPASA,350000000,350000000,350000000,350000000
2025,1220,SECRETARIA DE ESTADO DE DESENVOLVIMENTO ECONÔMICO - SEDE,5081,COMPANHIA DE SANEAMENTO DE MINAS GERAIS - COPASA,17,512,21,8,8,8008,0,4610,22199,0,SANEAMENTO E RESÍDUOS ESPECIAIS,UNIVERSALIZAÇÃO DOS SERVIÇOS DE SANEAMENTO NA ÁREA DA COPASA,983250000,983250000,983250000,983250000
2025,1220,SECRETARIA DE ESTADO DE DESENVOLVIMENTO ECONÔMICO - SEDE,5081,COMPANHIA DE SANEAMENTO DE MINAS GERAIS - COPASA,17,512,21,8,8,8008,0,4610,22199,0,SANEAMENTO E RESÍDUOS ESPECIAIS,UNIVERSALIZAÇÃO DOS SERVIÇOS DE SANEAMENTO NA ÁREA DA COPASA,40000000,40000000,40000000,40000000
2025,1220,SECRETARIA DE ESTADO DE DESENVOLVIMENTO ECONÔMICO - SEDE,5081,COMPANHIA DE SANEAMENTO DE MINAS GERAIS - COPASA,17,512,21,8,8,8008,0,4610,51000,0,SANEAMENTO E RESÍDUOS ESPECIAIS,UNIVERSALIZAÇÃO DOS SERVIÇOS DE SANEAMENTO NA ÁREA DA COPASA,100000000,100000000,100000000,100000000
2025,1220,SECRETARIA DE ESTADO DE DESENVOLVIMENTO ECONÔMICO - SEDE,5081,COMPANHIA DE SANEAMENTO DE MINAS GERAIS - COPASA,17,512,21,8,8,8008,0,4610,51000,0,SANEAMENTO E RESÍDUOS ESPECIAIS,UNIVERSALIZAÇÃO DOS SERVIÇOS DE SANEAMENTO NA ÁREA DA COPASA,54750000,54750000,54750000,54750000
2025,1220,SECRETARIA DE ESTADO DE DESENVOLVIMENTO ECONÔMICO - SEDE,5081,COMPANHIA DE SANEAMENTO DE MINAS GERAIS - COPASA,17,512,21,8,9,8009,0,4610,51000,0,SANEAMENTO E RESÍDUOS ESPECIAIS,PPP SISTEMA ADUTOR RIO MANSO,48428689,43803484,42450254,42450254
2025,1220,SECRETARIA DE ESTADO DE DESENVOLVIMENTO ECONÔMICO - SEDE,5121,COMPANHIA ENERGÉTICA DE MINAS GERAIS - CEMIG HOLDING,25,752,35,3,10,3010,0,4510,51000,0,INVESTIMENTOS CEMIG,INVESTIMENTOS EM PARTICIPAÇÕES SOCIETÁRIAS CEMIG HOLDING,259985809,1198470,0,0
2025,1220,SECRETARIA DE ESTADO DE DESENVOLVIMENTO ECONÔMICO - SEDE,5121,COMPANHIA ENERGÉTICA DE MINAS GERAIS - CEMIG HOLDING,25,752,35,3,11,3011,0,4610,51000,0,INVESTIMENTOS CEMIG,MANUTENÇÃO DA INFRAESTRUTURA DA CEMIG HOLDING,4440000,40000,1000000,200000
2025,1220,SECRETARIA DE ESTADO DE DESENVOLVIMENTO ECONÔMICO - SEDE,5131,AGÊNCIA DE PROMOÇÃO DE INVESTIMENTOS DE MINAS GERAIS - INVEST MINAS,22,122,142,6,8,6008,0,4610,51000,0,MANUTENÇÃO DA INFRAESTRUTURA ADMINISTRATIVA E OPERACIONAL - INVEST MINAS,MANUTENÇÃO DA INFRAESTRUTURA ADMINISTRATIVA E OPERACIONAL DA INVEST MINAS,500000,500000,500000,500000
2025,1220,SECRETARIA DE ESTADO DE DESENVOLVIMENTO ECONÔMICO - SEDE,5191,MINAS GERAIS PARTICIPAÇÕES S.A - MGI,4,122,13,6,11,6011,0,4810,51000,0,APORTE DE CAPITAL E MANUTENÇÃO DA INFRAESTRUTURA DA MGI,MANUTENÇÃO E ADEQUAÇÃO DA INFRAESTRUTURA DA MGI,243000,180000,120000,60000
2025,1220,SECRETARIA DE ESTADO DE DESENVOLVIMENTO ECONÔMICO - SEDE,5191,MINAS GERAIS PARTICIPAÇÕES S.A - MGI,4,122,119,6,3,6003,0,4810,11101,0,APOIO AO DESENVOLVIMENTO MUNICIPAL E À COORDENAÇÃO DAS TRANSFERÊNCIAS ESTADUAIS DE RECURSOS FINANCEIROS,SUPORTE AO DESENVOLVIMENTO ESTADUAL,1000,1000,1000,1000
2025,1220,SECRETARIA DE ESTADO DE DESENVOLVIMENTO ECONÔMICO - SEDE,5191,MINAS GERAIS PARTICIPAÇÕES S.A - MGI,4,122,119,6,3,6003,0,4810,51000,0,APOIO AO DESENVOLVIMENTO MUNICIPAL E À COORDENAÇÃO DAS TRANSFERÊNCIAS ESTADUAIS DE RECURSOS FINANCEIROS,SUPORTE AO DESENVOLVIMENTO ESTADUAL,9256395,1000,1000,1000
2025,1220,SECRETARIA DE ESTADO DE DESENVOLVIMENTO ECONÔMICO - SEDE,5191,MINAS GERAIS PARTICIPAÇÕES S.A - MGI,4,123,13,6,1,6001,0,4510,11101,0,APORTE DE CAPITAL E MANUTENÇÃO DA INFRAESTRUTURA DA MGI,INVESTIMENTOS VIA PARTICIPAÇÃO SOCIETÁRIA,1000,1000,1000,1000
2025,1220,SECRETARIA DE ESTADO DE DESENVOLVIMENTO ECONÔMICO - SEDE,5191,MINAS GERAIS PARTICIPAÇÕES S.A - MGI,4,123,13,6,1,6001,0,4510,51000,0,APORTE DE CAPITAL E MANUTENÇÃO DA INFRAESTRUTURA DA MGI,INVESTIMENTOS VIA PARTICIPAÇÃO SOCIETÁRIA,1000,1000,1000,1000
2025,1220,SECRETARIA DE ESTADO DE DESENVOLVIMENTO ECONÔMICO - SEDE,5201,BANCO DE DESENVOLVIMENTO DE MINAS GERAIS S.A - BDMG,23,122,17,6,4,6004,0,4810,12400,0,INVESTIMENTO NA INFRAESTRUTURA ADMINISTRATIVA E OPERACIONAL DO BDMG,MANUTENÇÃO E ADEQUAÇÃO DA INFRA-ESTRUTURA ADMINISTRATIVA E OPERACIONAL DO BDMG,26253389,26254000,26254000,26254000
2025,1220,SECRETARIA DE ESTADO DE DESENVOLVIMENTO ECONÔMICO - SEDE,5201,BANCO DE DESENVOLVIMENTO DE MINAS GERAIS S.A - BDMG,23,694,14,8,3,8003,0,4810,12400,0,FINANCIAMENTO À DESCARBONIZAÇÃO E RESILIÊNCIA CLIMÁTICA ENTRE BDMG E BANCO INTERAMERICANO DE DESENVOLVIMENTO (BDMG PBR),FINANCIAMENTO À DESCARBONIZAÇÃO E RESILIÊNCIA CLIMÁTICA ENTRE BDMG E BANCO INTERAMERICANO DE DESENVOLVIMENTO (BDMG PBR),250000000,260000000,1000,1000
2025,1220,SECRETARIA DE ESTADO DE DESENVOLVIMENTO ECONÔMICO - SEDE,5201,BANCO DE DESENVOLVIMENTO DE MINAS GERAIS S.A - BDMG,23,694,171,8,6,8006,0,4810,12400,0,FINANCIAMENTO À INFRAESTRUTURA E AO DESENVOLVIMENTO SUSTENTÁVEL EM MG ENTRE BDMG E NEW DEVELOPMENT BANK (BDMG INFRA ODS),FINANCIAMENTO À INFRAESTRUTURA E AO DESENVOLVIMENTO SUSTENTÁVEL EM MG ENTRE BDMG E NEW DEVELOPMENT BANK (BDMG INFRA ODS),600000000,400000000,1000,1000
2025,1220,SECRETARIA DE ESTADO DE DESENVOLVIMENTO ECONÔMICO - SEDE,5251,COMPANHIA DE GÁS DE MINAS GERAIS - GASMIG,25,121,133,3,18,3018,0,4610,61000,0,MINAS GERAÇÃO DE VALOR,GÁS COMPETITIVO- EXPANSÃO DA REDE DE GÁS NATURAL,285487805,192101111,279542051,393567557
2025,1220,SECRETARIA DE ESTADO DE DESENVOLVIMENTO ECONÔMICO - SEDE,5381,MINAS GERAIS ADMINISTRAÇÃO E SERVIÇOS S.A - MGS,4,122,57,8,2,8002,0,4610,51000,0,SOLUÇÕES EM SERVIÇOS DE APOIO TÉCNICO-OPERACIONAL,INVESTIMENTOS EM ATIVO FIXO PARA PRESTAÇÃO DE SERVIÇO,5450000,4500000,4250000,3750000
2025,1220,SECRETARIA DE ESTADO DE DESENVOLVIMENTO ECONÔMICO - SEDE,5381,MINAS GERAIS ADMINISTRAÇÃO E SERVIÇOS S.A - MGS,4,122,57,8,2,8002,0,4610,51000,0,SOLUÇÕES EM SERVIÇOS DE APOIO TÉCNICO-OPERACIONAL,INVESTIMENTOS EM ATIVO FIXO PARA PRESTAÇÃO DE SERVIÇO,400000,400000,400000,400000
2025,1220,SECRETARIA DE ESTADO DE DESENVOLVIMENTO ECONÔMICO - SEDE,5381,MINAS GERAIS ADMINISTRAÇÃO E SERVIÇOS S.A - MGS,4,122,57,8,2,8002,0,4810,11101,0,SOLUÇÕES EM SERVIÇOS DE APOIO TÉCNICO-OPERACIONAL,INVESTIMENTOS EM ATIVO FIXO PARA PRESTAÇÃO DE SERVIÇO,1000,1000,1000,1000
2025,1220,SECRETARIA DE ESTADO DE DESENVOLVIMENTO ECONÔMICO - SEDE,5381,MINAS GERAIS ADMINISTRAÇÃO E SERVIÇOS S.A - MGS,4,122,57,8,2,8002,0,4810,51000,0,SOLUÇÕES EM SERVIÇOS DE APOIO TÉCNICO-OPERACIONAL,INVESTIMENTOS EM ATIVO FIXO PARA PRESTAÇÃO DE SERVIÇO,4000000,5250000,5750000,6000000
2025,1220,SECRETARIA DE ESTADO DE DESENVOLVIMENTO ECONÔMICO - SEDE,5391,CEMIG GERAÇÃO E TRANSMISSÃO S.A - CEMIG GERAÇÃO E TRANSMISSÃO,25,752,92,3,4,3004,0,4610,51000,0,TRANSMISSÃO DE ENERGIA ELÉTRICA,EXPANSÃO DO SISTEMA DE TRANSMISSÃO,231539977,366611726,234560000,83098000
2025,1220,SECRETARIA DE ESTADO DE DESENVOLVIMENTO ECONÔMICO - SEDE,5391,CEMIG GERAÇÃO E TRANSMISSÃO S.A - CEMIG GERAÇÃO E TRANSMISSÃO,25,752,92,3,5,3005,0,4610,51000,0,TRANSMISSÃO DE ENERGIA ELÉTRICA,REFORMAS DE SUBESTAÇÕES E LINHAS DE TRANSMISSÃO,216613767,863139747,669563561,481331764
2025,1220,SECRETARIA DE ESTADO DE DESENVOLVIMENTO ECONÔMICO - SEDE,5391,CEMIG GERAÇÃO E TRANSMISSÃO S.A - CEMIG GERAÇÃO E TRANSMISSÃO,25,752,92,3,6,3006,0,4610,51000,0,TRANSMISSÃO DE ENERGIA ELÉTRICA,MANUTENÇÃO DA INFRAESTRUTURA DA TRANSMISSÃO,42479000,9806000,13975000,7469000
2025,1220,SECRETARIA DE ESTADO DE DESENVOLVIMENTO ECONÔMICO - SEDE,5391,CEMIG GERAÇÃO E TRANSMISSÃO S.A - CEMIG GERAÇÃO E TRANSMISSÃO,25,752,92,3,9,3009,0,4510,51000,0,TRANSMISSÃO DE ENERGIA ELÉTRICA,INVESTIMENTOS PARTICIPAÇÕES SOCIETÁRIAS DA TRANSMISSÃO,92271447,77871808,0,0
2025,1220,SECRETARIA DE ESTADO DE DESENVOLVIMENTO ECONÔMICO - SEDE,5391,CEMIG GERAÇÃO E TRANSMISSÃO S.A - CEMIG GERAÇÃO E TRANSMISSÃO,25,752,94,3,1,3001,0,4610,51000,0,GERAÇÃO DE ENERGIA ELÉTRICA,EXPANSÃO DO SISTEMA DE GERAÇÃO,100000,338387000,416585000,149872000
2025,1220,SECRETARIA DE ESTADO DE DESENVOLVIMENTO ECONÔMICO - SEDE,5391,CEMIG GERAÇÃO E TRANSMISSÃO S.A - CEMIG GERAÇÃO E TRANSMISSÃO,25,752,94,3,7,3007,0,4610,51000,0,GERAÇÃO DE ENERGIA ELÉTRICA,"REFORMAS, MELHORIAS E AMPLIAÇÕES DE USINAS",96218712,137689405,98836755,26593000
2025,1220,SECRETARIA DE ESTADO DE DESENVOLVIMENTO ECONÔMICO - SEDE,5391,CEMIG GERAÇÃO E TRANSMISSÃO S.A - CEMIG GERAÇÃO E TRANSMISSÃO,25,752,94,3,8,3008,0,4610,51000,0,GERAÇÃO DE ENERGIA ELÉTRICA,MANUTENÇÃO DA INFRAESTRUTURA DA GERAÇÃO,18091000,17663000,76813000,12986000
2025,1220,SECRETARIA DE ESTADO DE DESENVOLVIMENTO ECONÔMICO - SEDE,5391,CEMIG GERAÇÃO E TRANSMISSÃO S.A - CEMIG GERAÇÃO E TRANSMISSÃO,25,752,94,3,14,3014,0,4510,51000,0,GERAÇÃO DE ENERGIA ELÉTRICA,INVESTIMENTOS EM PARTICIPAÇÕES SOCIETÁRIAS DA GERAÇÃO,190392082,2427753697,2814753453,2447200992
2025,1220,SECRETARIA DE ESTADO DE DESENVOLVIMENTO ECONÔMICO - SEDE,5401,CEMIG DISTRIBUIÇÃO S.A - CEMIG DISTRIBUIDORA,25,752,72,3,2,3002,0,4610,51000,0,DISTRIBUIÇÃO DE ENERGIA ELÉTRICA,EXECUÇÃO DO PLANO DE DESENVOLVIMENTO DA DISTRIBUIDORA (PDD),4721877188,5072587431,4781108423,4605781325
2025,1220,SECRETARIA DE ESTADO DE DESENVOLVIMENTO ECONÔMICO - SEDE,5401,CEMIG DISTRIBUIÇÃO S.A - CEMIG DISTRIBUIDORA,25,752,72,3,3,3003,0,4610,51000,0,DISTRIBUIÇÃO DE ENERGIA ELÉTRICA,MANUTENÇÃO DA INFRAESTRUTURA DA DISTRIBUIÇÃO,247976000,195928000,223404000,76152000
2025,1220,SECRETARIA DE ESTADO DE DESENVOLVIMENTO ECONÔMICO - SEDE,5511,COPASA - SERVIÇOS DE SANEAMENTO INTEGRADO DO NORTE E NORDESTE DE MINAS GERAIS S/A - COPANOR,17,512,21,6,12,6012,0,4610,51000,0,SANEAMENTO E RESÍDUOS ESPECIAIS,ADEQUAÇÃO DA INFRAESTRUTURA ADMINISTRATIVA E OPERACIONAL DA COPANOR,2000000,2000000,2000000,2000000
2025,1220,SECRETARIA DE ESTADO DE DESENVOLVIMENTO ECONÔMICO - SEDE,5511,COPASA - SERVIÇOS DE SANEAMENTO INTEGRADO DO NORTE E NORDESTE DE MINAS GERAIS S/A - COPANOR,17,512,21,8,12,8012,0,4610,51000,0,SANEAMENTO E RESÍDUOS ESPECIAIS,UNIVERSALIZAÇÃO DOS SERVIÇOS DE SANEAMENTO NA ÁREA DE ATUAÇÃO DA COPANOR,45000000,45000000,45000000,45000000
2025,1300,"SECRETARIA DE ESTADO DE INFRAESTRUTURA, MOBILIDADE E PARCERIA - SEINFRA",5261,TREM METROPOLITANO DE BELO HORIZONTE S.A - TREM METROPOLITANO,26,783,705,8,11,8011,0,4510,11101,0,APOIO ÀS POLÍTICAS PÚBLICAS,MANUTENÇÃO E ADEQUAÇÃO DA INFRA-ESTRUTURA ADMINISTRATIVA E OPERACIONAL - TRANSPORTES METROPOLITANOS,1000,1000,1000,1000
2025,1500,SECRETARIA DE ESTADO DE PLANEJAMENTO E GESTÃO - SEPLAG,5141,COMPANHIA DE TECNOLOGIA DA INFORMAÇÃO DO ESTADO DE MINAS GERAIS - PRODEMGE,4,126,30,6,6,6006,0,4610,51000,0,SOLUÇÕES EM TECNOLOGIA DA INFORMAÇÃO E COMUNICAÇÃO,MANUTENÇÃO DAS UNIDADES PREDIAIS,13233200,6250000,3250000,3250000
2025,1500,SECRETARIA DE ESTADO DE PLANEJAMENTO E GESTÃO - SEPLAG,5141,COMPANHIA DE TECNOLOGIA DA INFORMAÇÃO DO ESTADO DE MINAS GERAIS - PRODEMGE,4,126,30,8,1,8001,0,4810,51000,0,SOLUÇÕES EM TECNOLOGIA DA INFORMAÇÃO E COMUNICAÇÃO,AQUISIÇÃO DE HARDWARES E SOFTWARES PARA PRESTAÇÃO DE SERVIÇOS EM TECNOLOGIA DA INFORMAÇÃO E COMUNICAÇÃO,38099783,31646705,26305815,26305815
